id,sheet,thickness_mm,bbox_width_mm,bbox_height_mm,outline_area_mm2,through_holes,pockets,source_handle
P01,1,12,142.0,1096.0,115321.822,5,1,37
P02,1,12,320.0,490.0,156800.0,0,2,44
P03,1,12,320.0,490.0,156800.0,0,2,49
P04,1,12,280.0,280.0,78400.0,0,0,4E
P05,1,12,100.0,850.0,72771.056,0,1,4F
P06,1,12,50.0,156.0,7800.0,0,0,52
P07,1,12,142.0,1096.0,115321.822,4,1,53
P08,1,12,150.0,1200.0,137500.0,0,2,5E
P09,1,12,60.0,240.0,14400.0,0,0,63
P10,1,12,60.0,248.0,14880.0,0,0,64
P11,1,12,112.0,304.0,34048.0,0,0,65
P12,1,12,112.0,304.0,34048.0,0,0,66
P13,1,12,60.0,240.0,14400.0,0,0,67
P14,1,12,60.0,248.0,14880.0,0,0,68
P15,1,12,95.0,700.0,65289.784,0,2,69
P16,1,12,700.0,700.0,479687.862,0,2,6E
P17,1,12,670.0,130.0,85703.882,0,1,73
P18,1,12,95.0,700.0,65289.784,0,0,76
P19,1,12,280.0,112.0,31360.0,0,0,77
P20,1,12,95.0,700.0,65289.784,0,1,78
P21,1,12,95.0,700.0,64679.548,0,0,7B
P22,1,12,95.0,794.0,74831.806,0,0,7C
P23,1,12,280.0,112.0,31360.0,0,0,7D
P24,1,12,150.0,700.0,105000.0,0,2,7E
P25,2,12,320.0,490.0,156800.0,0,2,83
P26,2,12,320.0,490.0,156800.0,0,2,88
P27,2,12,1096.0,700.0,623365.5,6,1,8D
P28,2,12,1096.0,700.0,623365.5,8,1,9C
P29,2,12,240.0,240.0,57600.0,0,0,AF
P30,2,12,532.0,320.0,170240.0,0,1,B0
P31,2,12,532.0,320.0,170240.0,0,1,B3
P32,2,12,532.0,54.0,28728.0,0,0,B6
P33,2,12,532.0,30.0,15960.0,0,0,B7
P34,2,12,400.0,100.0,40000.0,0,1,B8
P35,2,12,654.0,100.0,65400.0,0,0,BB
P36,2,12,532.0,320.0,170240.0,0,1,BC
P37,2,12,532.0,320.0,170240.0,0,1,BF
P38,2,12,532.0,54.0,28728.0,0,0,C2
P39,2,12,532.0,30.0,15960.0,0,0,C3
P40,2,12,400.0,100.0,40000.0,0,1,C4
P41,3,5,532.0,200.0,106400.0,0,0,C7
P42,3,5,348.0,792.0,275616.0,1,0,C8
P43,3,5,1087.0,688.0,747856.0,0,0,C9
P44,3,5,1038.0,688.0,714144.0,2,0,CA
P45,3,5,348.0,792.0,275616.0,1,0,CF
P46,3,5,532.0,200.0,106400.0,0,0,D0
P47,3,5,400.0,642.0,256800.0,0,0,D1
P48,3,5,40.0,180.0,7200.0,0,0,D2
P49,3,5,156.0,488.0,76128.0,1,0,D3
P50,3,5,40.0,700.0,28000.0,0,0,D6
P51,3,5,40.0,700.0,28000.0,0,0,D7
P52,3,5,40.0,700.0,28000.0,0,0,D8
P53,1,12,700.0,600.0,408677.668,0,0,D9
